"id","action","reward"
"data/RND/1595835229_90",11,8
"data/RND/1595835229_90",16,0
"data/RND/1595835229_90",6,18
"data/RND/1595835229_90",5,7
"data/RND/1595835229_90",4,0
"data/RND/1595835229_90",8,0
"data/RND/1595835229_90",5,3
"data/RND/1595835229_90",11,24
"data/RND/1595835229_90",13,0
"data/RND/1595835229_90",9,20
"data/RND/1595835231_20",15,11
"data/RND/1595835231_20",4,6
"data/RND/1595835231_20",0,0
"data/RND/1595835231_20",5,7
"data/RND/1595835231_20",13,0
"data/RND/1595835231_20",0,0
"data/RND/1595835231_20",0,0
"data/RND/1595835231_20",4,3
"data/RND/1595835231_20",4,3
"data/RND/1595835231_20",4,6
"data/RND/1595835233_77",5,11
"data/RND/1595835233_77",10,0
"data/RND/1595835233_77",5,0
"data/RND/1595835233_77",1,1
"data/RND/1595835233_77",1,0
"data/RND/1595835233_77",1,0
"data/RND/1595835233_77",1,2
"data/RND/1595835233_77",0,0
"data/RND/1595835233_77",1,2
"data/RND/1595835233_77",2,3
"data/RND/1595835238_57",15,22
"data/RND/1595835238_57",14,21
"data/RND/1595835238_57",13,39
"data/RND/1595835238_57",16,0
"data/RND/1595835238_57",15,11
"data/RND/1595835238_57",13,39
"data/RND/1595835238_57",16,0
"data/RND/1595835238_57",16,36
"data/RND/1595835238_57",13,0
"data/RND/1595835238_57",17,0
"data/RND/1595835243_57",6,4
"data/RND/1595835243_57",4,3
"data/RND/1595835243_57",7,0
"data/RND/1595835243_57",0,0
"data/RND/1595835243_57",2,4
"data/RND/1595835243_57",5,3
"data/RND/1595835243_57",0,0
"data/RND/1595835243_57",5,11
"data/RND/1595835243_57",10,7
"data/RND/1595835243_57",6,4
"data/RND/1595835244_53",20,60
"data/RND/1595835244_53",20,0
"data/RND/1595835244_53",15,22
"data/RND/1595835244_53",18,0
"data/RND/1595835244_53",16,36
"data/RND/1595835244_53",16,36
"data/RND/1595835244_53",16,0
"data/RND/1595835244_53",9,0
"data/RND/1595835244_53",12,0
"data/RND/1595835244_53",15,11
"data/RND/1595835249_87",15,0
"data/RND/1595835249_87",20,60
"data/RND/1595835249_87",6,4
"data/RND/1595835249_87",5,0
"data/RND/1595835249_87",5,15
"data/RND/1595835249_87",4,3
"data/RND/1595835249_87",11,8
"data/RND/1595835249_87",1,0
"data/RND/1595835249_87",6,18
"data/RND/1595835249_87",6,4
"data/RND/1595835252_44",10,15
"data/RND/1595835252_44",15,0
"data/RND/1595835252_44",4,12
"data/RND/1595835252_44",0,0
"data/RND/1595835252_44",0,0
"data/RND/1595835252_44",10,22
"data/RND/1595835252_44",10,0
"data/RND/1595835252_44",0,0
"data/RND/1595835252_44",0,0
"data/RND/1595835252_44",0,0
"data/RND/1595835252_51",4,12
"data/RND/1595835252_51",9,6
"data/RND/1595835252_51",6,0
"data/RND/1595835252_51",2,0
"data/RND/1595835252_51",0,0
"data/RND/1595835252_51",0,0
"data/RND/1595835252_51",1,2
"data/RND/1595835252_51",11,24
"data/RND/1595835252_51",8,12
"data/RND/1595835252_51",9,0
"data/RND/1595835252_85",2,4
"data/RND/1595835252_85",1,3
"data/RND/1595835252_85",0,0
"data/RND/1595835252_85",0,0
"data/RND/1595835252_85",0,0
"data/RND/1595835252_85",0,0
"data/RND/1595835252_85",1,1
"data/RND/1595835252_85",1,3
"data/RND/1595835252_85",1,1
"data/RND/1595835252_85",0,0
"data/RND/1595835256_50",20,0
"data/RND/1595835256_50",0,0
"data/RND/1595835256_50",0,0
"data/RND/1595835256_50",10,30
"data/RND/1595835256_50",20,30
"data/RND/1595835256_50",20,60
"data/RND/1595835256_50",20,60
"data/RND/1595835256_50",20,0
"data/RND/1595835256_50",10,0
"data/RND/1595835256_50",0,0
"data/RND/1595835256_83",15,45
"data/RND/1595835256_83",15,11
"data/RND/1595835256_83",15,0
"data/RND/1595835256_83",2,0
"data/RND/1595835256_83",5,15
"data/RND/1595835256_83",15,33
"data/RND/1595835256_83",5,15
"data/RND/1595835256_83",15,33
"data/RND/1595835256_83",15,11
"data/RND/1595835256_83",5,7
"data/RND/1595835258_75",15,0
"data/RND/1595835258_75",15,0
"data/RND/1595835258_75",5,15
"data/RND/1595835258_75",5,7
"data/RND/1595835258_75",5,0
"data/RND/1595835258_75",7,10
"data/RND/1595835258_75",7,0
"data/RND/1595835258_75",5,0
"data/RND/1595835258_75",5,15
"data/RND/1595835258_75",6,0
"data/RND/1595835265_79",15,33
"data/RND/1595835265_79",12,9
"data/RND/1595835265_79",8,6
"data/RND/1595835265_79",10,22
"data/RND/1595835265_79",13,9
"data/RND/1595835265_79",12,0
"data/RND/1595835265_79",8,24
"data/RND/1595835265_79",11,24
"data/RND/1595835265_79",7,15
"data/RND/1595835265_79",8,0
"data/RND/1595835267_65",14,0
"data/RND/1595835267_65",15,33
"data/RND/1595835267_65",15,45
"data/RND/1595835267_65",20,60
"data/RND/1595835267_65",13,39
"data/RND/1595835267_65",9,27
"data/RND/1595835267_65",6,0
"data/RND/1595835267_65",7,15
"data/RND/1595835267_65",15,22
"data/RND/1595835267_65",16,0
"data/RND/1595835269_9",15,45
"data/RND/1595835269_9",15,22
"data/RND/1595835269_9",15,45
"data/RND/1595835269_9",20,60
"data/RND/1595835269_9",15,45
"data/RND/1595835269_9",10,7
"data/RND/1595835269_9",15,22
"data/RND/1595835269_9",15,0
"data/RND/1595835269_9",15,0
"data/RND/1595835269_9",20,30
"data/RND/1595835270_94",15,0
"data/RND/1595835270_94",18,27
"data/RND/1595835270_94",19,14
"data/RND/1595835270_94",19,57
"data/RND/1595835270_94",19,28
"data/RND/1595835270_94",5,7
"data/RND/1595835270_94",15,11
"data/RND/1595835270_94",20,30
"data/RND/1595835270_94",15,0
"data/RND/1595835270_94",15,0
"data/RND/1595835271_47",20,60
"data/RND/1595835271_47",15,45
"data/RND/1595835271_47",19,57
"data/RND/1595835271_47",19,0
"data/RND/1595835271_47",15,11
"data/RND/1595835271_47",17,12
"data/RND/1595835271_47",15,0
"data/RND/1595835271_47",5,11
"data/RND/1595835271_47",17,38
"data/RND/1595835271_47",20,15
"data/RND/1595835272_83",15,11
"data/RND/1595835272_83",5,3
"data/RND/1595835272_83",15,11
"data/RND/1595835272_83",5,0
"data/RND/1595835272_83",15,11
"data/RND/1595835272_83",20,30
"data/RND/1595835272_83",20,45
"data/RND/1595835272_83",20,45
"data/RND/1595835272_83",20,0
"data/RND/1595835272_83",20,15
"data/RND/1595835273_47",12,9
"data/RND/1595835273_47",15,33
"data/RND/1595835273_47",17,25
"data/RND/1595835273_47",7,21
"data/RND/1595835273_47",15,0
"data/RND/1595835273_47",18,27
"data/RND/1595835273_47",20,30
"data/RND/1595835273_47",5,7
"data/RND/1595835273_47",16,24
"data/RND/1595835273_47",5,0
"data/RND/1595835276_50",15,22
"data/RND/1595835276_50",15,0
"data/RND/1595835276_50",13,29
"data/RND/1595835276_50",13,9
"data/RND/1595835276_50",14,21
"data/RND/1595835276_50",15,0
"data/RND/1595835276_50",16,36
"data/RND/1595835276_50",15,11
"data/RND/1595835276_50",17,51
"data/RND/1595835276_50",16,48
"data/RND/1595835276_74",15,11
"data/RND/1595835276_74",5,11
"data/RND/1595835276_74",15,11
"data/RND/1595835276_74",5,0
"data/RND/1595835276_74",11,16
"data/RND/1595835276_74",8,6
"data/RND/1595835276_74",5,15
"data/RND/1595835276_74",13,0
"data/RND/1595835276_74",11,8
"data/RND/1595835276_74",16,12
"data/RND/1595835277_79",15,45
"data/RND/1595835277_79",6,9
"data/RND/1595835277_79",4,9
"data/RND/1595835277_79",6,9
"data/RND/1595835277_79",11,0
"data/RND/1595835277_79",7,15
"data/RND/1595835277_79",5,3
"data/RND/1595835277_79",4,12
"data/RND/1595835277_79",4,0
"data/RND/1595835277_79",4,6
"data/RND/1595835280_27",11,24
"data/RND/1595835280_27",13,19
"data/RND/1595835280_27",15,11
"data/RND/1595835280_27",15,22
"data/RND/1595835280_27",13,39
"data/RND/1595835280_27",14,0
"data/RND/1595835280_27",13,9
"data/RND/1595835280_27",14,0
"data/RND/1595835280_27",13,29
"data/RND/1595835280_27",12,36
"data/RND/1595835281_11",16,24
"data/RND/1595835281_11",15,22
"data/RND/1595835281_11",13,9
"data/RND/1595835281_11",14,42
"data/RND/1595835281_11",15,0
"data/RND/1595835281_11",15,33
"data/RND/1595835281_11",14,31
"data/RND/1595835281_11",15,0
"data/RND/1595835281_11",13,0
"data/RND/1595835281_11",13,19
"data/RND/1595835287_65",15,45
"data/RND/1595835287_65",20,30
"data/RND/1595835287_65",16,12
"data/RND/1595835287_65",20,0
"data/RND/1595835287_65",15,11
"data/RND/1595835287_65",15,0
"data/RND/1595835287_65",15,45
"data/RND/1595835287_65",16,48
"data/RND/1595835287_65",17,38
"data/RND/1595835287_65",16,48
"data/RND/1595835288_73",16,48
"data/RND/1595835288_73",13,9
"data/RND/1595835288_73",13,0
"data/RND/1595835288_73",14,31
"data/RND/1595835288_73",15,45
"data/RND/1595835288_73",13,9
"data/RND/1595835288_73",15,0
"data/RND/1595835288_73",14,10
"data/RND/1595835288_73",15,0
"data/RND/1595835288_73",18,54
"data/RND/1595835289_61",19,42
"data/RND/1595835289_61",19,14
"data/RND/1595835289_61",15,22
"data/RND/1595835289_61",1,0
"data/RND/1595835289_61",12,9
"data/RND/1595835289_61",1,0
"data/RND/1595835289_61",20,30
"data/RND/1595835289_61",20,15
"data/RND/1595835289_61",15,0
"data/RND/1595835289_61",20,0
"data/RND/1595835296_3",15,22
"data/RND/1595835296_3",15,11
"data/RND/1595835296_3",14,21
"data/RND/1595835296_3",18,54
"data/RND/1595835296_3",14,31
"data/RND/1595835296_3",17,38
"data/RND/1595835296_3",19,42
"data/RND/1595835296_3",17,38
"data/RND/1595835296_3",17,12
"data/RND/1595835296_3",16,0
"data/RND/1595835297_55",15,0
"data/RND/1595835297_55",20,0
"data/RND/1595835297_55",5,15
"data/RND/1595835297_55",7,0
"data/RND/1595835297_55",4,3
"data/RND/1595835297_55",7,15
"data/RND/1595835297_55",10,15
"data/RND/1595835297_55",5,0
"data/RND/1595835297_55",14,42
"data/RND/1595835297_55",14,42
"data/RND/1595835315_17",10,30
"data/RND/1595835315_17",15,0
"data/RND/1595835315_17",0,0
"data/RND/1595835315_17",5,0
"data/RND/1595835315_17",0,0
"data/RND/1595835315_17",7,5
"data/RND/1595835315_17",16,48
"data/RND/1595835315_17",5,11
"data/RND/1595835315_17",0,0
"data/RND/1595835315_17",0,0
"data/RND/1595835321_87",12,36
"data/RND/1595835321_87",13,29
"data/RND/1595835321_87",14,21
"data/RND/1595835321_87",14,0
"data/RND/1595835321_87",12,18
"data/RND/1595835321_87",13,39
"data/RND/1595835321_87",15,0
"data/RND/1595835321_87",15,45
"data/RND/1595835321_87",14,0
"data/RND/1595835321_87",15,45
"data/RND/1595835323_63",15,22
"data/RND/1595835323_63",19,42
"data/RND/1595835323_63",15,11
"data/RND/1595835323_63",17,12
"data/RND/1595835323_63",13,39
"data/RND/1595835323_63",17,51
"data/RND/1595835323_63",14,0
"data/RND/1595835323_63",17,12
"data/RND/1595835323_63",17,0
"data/RND/1595835323_63",13,39
"data/RND/1595835324_9",5,15
"data/RND/1595835324_9",17,12
"data/RND/1595835324_9",8,18
"data/RND/1595835324_9",15,45
"data/RND/1595835324_9",19,0
"data/RND/1595835324_9",8,0
"data/RND/1595835324_9",15,11
"data/RND/1595835324_9",13,29
"data/RND/1595835324_9",20,60
"data/RND/1595835324_9",20,0
"data/RND/1595835334_55",15,45
"data/RND/1595835334_55",11,16
"data/RND/1595835334_55",15,0
"data/RND/1595835334_55",7,10
"data/RND/1595835334_55",8,24
"data/RND/1595835334_55",12,36
"data/RND/1595835334_55",12,27
"data/RND/1595835334_55",14,10
"data/RND/1595835334_55",7,21
"data/RND/1595835334_55",4,12
"data/RND/1595835343_22",15,33
"data/RND/1595835343_22",15,11
"data/RND/1595835343_22",8,0
"data/RND/1595835343_22",5,0
"data/RND/1595835343_22",6,0
"data/RND/1595835343_22",4,12
"data/RND/1595835343_22",7,15
"data/RND/1595835343_22",8,18
"data/RND/1595835343_22",7,0
"data/RND/1595835343_22",5,0
"data/RND/1595835347_72",15,11
"data/RND/1595835347_72",15,33
"data/RND/1595835347_72",16,36
"data/RND/1595835347_72",15,0
"data/RND/1595835347_72",12,36
"data/RND/1595835347_72",11,8
"data/RND/1595835347_72",14,21
"data/RND/1595835347_72",8,0
"data/RND/1595835347_72",12,9
"data/RND/1595835347_72",9,6
"data/RND/1595835350_28",4,12
"data/RND/1595835350_28",5,15
"data/RND/1595835350_28",6,13
"data/RND/1595835350_28",13,19
"data/RND/1595835350_28",13,39
"data/RND/1595835350_28",13,19
"data/RND/1595835350_28",15,33
"data/RND/1595835350_28",15,0
"data/RND/1595835350_28",12,18
"data/RND/1595835350_28",13,29
"data/RND/1595835356_55",10,30
"data/RND/1595835356_55",5,3
"data/RND/1595835356_55",5,3
"data/RND/1595835356_55",2,1
"data/RND/1595835356_55",4,12
"data/RND/1595835356_55",7,0
"data/RND/1595835356_55",10,30
"data/RND/1595835356_55",8,6
"data/RND/1595835356_55",11,0
"data/RND/1595835356_55",0,0
"data/RND/1595835372_27",5,11
"data/RND/1595835372_27",10,22
"data/RND/1595835372_27",5,3
"data/RND/1595835372_27",15,45
"data/RND/1595835372_27",20,30
"data/RND/1595835372_27",9,13
"data/RND/1595835372_27",10,22
"data/RND/1595835372_27",15,11
"data/RND/1595835372_27",4,0
"data/RND/1595835372_27",7,0
"data/RND/1595835383_34",14,10
"data/RND/1595835383_34",7,5
"data/RND/1595835383_34",6,13
"data/RND/1595835383_34",13,0
"data/RND/1595835383_34",0,0
"data/RND/1595835383_34",14,21
"data/RND/1595835383_34",16,48
"data/RND/1595835383_34",14,42
"data/RND/1595835383_34",20,60
"data/RND/1595835383_34",20,0
"data/RND/1595835384_53",17,12
"data/RND/1595835384_53",13,39
"data/RND/1595835384_53",15,11
"data/RND/1595835384_53",14,42
"data/RND/1595835384_53",16,48
"data/RND/1595835384_53",16,12
"data/RND/1595835384_53",15,45
"data/RND/1595835384_53",18,40
"data/RND/1595835384_53",17,38
"data/RND/1595835384_53",14,0
"data/RND/1595835387_39",16,36
"data/RND/1595835387_39",16,36
"data/RND/1595835387_39",16,36
"data/RND/1595835387_39",15,45
"data/RND/1595835387_39",16,48
"data/RND/1595835387_39",15,45
"data/RND/1595835387_39",16,48
"data/RND/1595835387_39",17,12
"data/RND/1595835387_39",16,36
"data/RND/1595835387_39",16,0
"data/RND/1595835393_76",7,15
"data/RND/1595835393_76",8,12
"data/RND/1595835393_76",2,4
"data/RND/1595835393_76",3,2
"data/RND/1595835393_76",2,1
"data/RND/1595835393_76",9,6
"data/RND/1595835393_76",0,0
"data/RND/1595835393_76",1,3
"data/RND/1595835393_76",1,1
"data/RND/1595835393_76",0,0
"data/RND/1595835399_63",13,19
"data/RND/1595835399_63",15,0
"data/RND/1595835399_63",14,31
"data/RND/1595835399_63",15,11
"data/RND/1595835399_63",17,51
"data/RND/1595835399_63",16,48
"data/RND/1595835399_63",15,33
"data/RND/1595835399_63",16,48
"data/RND/1595835399_63",15,33
"data/RND/1595835399_63",16,12
"data/RND/1595835406_78",16,36
"data/RND/1595835406_78",20,30
"data/RND/1595835406_78",17,0
"data/RND/1595835406_78",17,12
"data/RND/1595835406_78",17,38
"data/RND/1595835406_78",20,15
"data/RND/1595835406_78",20,30
"data/RND/1595835406_78",19,42
"data/RND/1595835406_78",20,30
"data/RND/1595835406_78",16,36
"data/RND/1595835412_13",15,33
"data/RND/1595835412_13",20,30
"data/RND/1595835412_13",17,12
"data/RND/1595835412_13",5,7
"data/RND/1595835412_13",11,16
"data/RND/1595835412_13",15,11
"data/RND/1595835412_13",11,16
"data/RND/1595835412_13",7,15
"data/RND/1595835412_13",9,20
"data/RND/1595835412_13",12,9
"data/RND/1595835456_99",15,11
"data/RND/1595835456_99",16,36
"data/RND/1595835456_99",7,15
"data/RND/1595835456_99",7,15
"data/RND/1595835456_99",8,24
"data/RND/1595835456_99",10,0
"data/RND/1595835456_99",8,12
"data/RND/1595835456_99",9,13
"data/RND/1595835456_99",13,0
"data/RND/1595835456_99",13,9
"data/RND/1595835466_17",15,11
"data/RND/1595835466_17",18,27
"data/RND/1595835466_17",18,13
"data/RND/1595835466_17",15,11
"data/RND/1595835466_17",17,25
"data/RND/1595835466_17",17,51
"data/RND/1595835466_17",13,29
"data/RND/1595835466_17",9,27
"data/RND/1595835466_17",14,10
"data/RND/1595835466_17",20,30
"data/RND/1595835491_72",15,11
"data/RND/1595835491_72",10,0
"data/RND/1595835491_72",15,11
"data/RND/1595835491_72",5,15
"data/RND/1595835491_72",15,22
"data/RND/1595835491_72",15,45
"data/RND/1595835491_72",5,11
"data/RND/1595835491_72",10,0
"data/RND/1595835491_72",20,45
"data/RND/1595835491_72",15,33
"data/RND/1595835494_20",10,15
"data/RND/1595835494_20",15,22
"data/RND/1595835494_20",16,24
"data/RND/1595835494_20",17,38
"data/RND/1595835494_20",17,51
"data/RND/1595835494_20",18,0
"data/RND/1595835494_20",10,7
"data/RND/1595835494_20",5,3
"data/RND/1595835494_20",2,0
"data/RND/1595835494_20",0,0
"data/RND/1595835517_100",15,33
"data/RND/1595835517_100",19,42
"data/RND/1595835517_100",18,13
"data/RND/1595835517_100",18,40
"data/RND/1595835517_100",15,11
"data/RND/1595835517_100",20,45
"data/RND/1595835517_100",15,0
"data/RND/1595835517_100",5,7
"data/RND/1595835517_100",15,22
"data/RND/1595835517_100",20,0
"data/RND/1595835527_45",13,9
"data/RND/1595835527_45",13,29
"data/RND/1595835527_45",7,5
"data/RND/1595835527_45",15,0
"data/RND/1595835527_45",17,0
"data/RND/1595835527_45",15,33
"data/RND/1595835527_45",14,0
"data/RND/1595835527_45",15,0
"data/RND/1595835527_45",16,48
"data/RND/1595835527_45",15,45
"data/RND/1595835527_84",6,4
"data/RND/1595835527_84",2,6
"data/RND/1595835527_84",5,11
"data/RND/1595835527_84",13,0
"data/RND/1595835527_84",4,12
"data/RND/1595835527_84",2,0
"data/RND/1595835527_84",4,3
"data/RND/1595835527_84",8,24
"data/RND/1595835527_84",7,5
"data/RND/1595835527_84",6,13
"data/RND/1595835529_49",9,6
"data/RND/1595835529_49",7,15
"data/RND/1595835529_49",14,10
"data/RND/1595835529_49",16,24
"data/RND/1595835529_49",8,6
"data/RND/1595835529_49",13,29
"data/RND/1595835529_49",13,9
"data/RND/1595835529_49",12,18
"data/RND/1595835529_49",15,45
"data/RND/1595835529_49",6,18
"data/RND/1595835531_84",18,27
"data/RND/1595835531_84",15,33
"data/RND/1595835531_84",17,25
"data/RND/1595835531_84",18,27
"data/RND/1595835531_84",15,45
"data/RND/1595835531_84",16,24
"data/RND/1595835531_84",18,13
"data/RND/1595835531_84",20,15
"data/RND/1595835531_84",18,13
"data/RND/1595835531_84",18,40
"data/RND/1595835540_51",8,0
"data/RND/1595835540_51",8,0
"data/RND/1595835540_51",11,8
"data/RND/1595835540_51",8,18
"data/RND/1595835540_51",7,21
"data/RND/1595835540_51",8,0
"data/RND/1595835540_51",12,36
"data/RND/1595835540_51",12,0
"data/RND/1595835540_51",8,0
"data/RND/1595835540_51",7,10
"data/RND/1595835542_28",20,30
"data/RND/1595835542_28",20,45
"data/RND/1595835542_28",20,60
"data/RND/1595835542_28",20,60
"data/RND/1595835542_28",20,45
"data/RND/1595835542_28",20,60
"data/RND/1595835542_28",20,45
"data/RND/1595835542_28",20,45
"data/RND/1595835542_28",20,45
"data/RND/1595835542_28",20,60
"data/RND/1595835546_76",13,19
"data/RND/1595835546_76",14,21
"data/RND/1595835546_76",13,19
"data/RND/1595835546_76",14,10
"data/RND/1595835546_76",13,19
"data/RND/1595835546_76",16,0
"data/RND/1595835546_76",16,0
"data/RND/1595835546_76",18,40
"data/RND/1595835546_76",16,48
"data/RND/1595835546_76",17,38
"data/RND/1595835547_4",15,11
"data/RND/1595835547_4",15,11
"data/RND/1595835547_4",5,7
"data/RND/1595835547_4",1,2
"data/RND/1595835547_4",7,15
"data/RND/1595835547_4",4,12
"data/RND/1595835547_4",3,6
"data/RND/1595835547_4",5,11
"data/RND/1595835547_4",1,0
"data/RND/1595835547_4",8,0
"data/RND/1595835594_95",8,24
"data/RND/1595835594_95",12,9
"data/RND/1595835594_95",12,18
"data/RND/1595835594_95",7,10
"data/RND/1595835594_95",16,48
"data/RND/1595835594_95",6,4
"data/RND/1595835594_95",8,0
"data/RND/1595835594_95",5,3
"data/RND/1595835594_95",11,16
"data/RND/1595835594_95",7,10
"data/RND/1595835649_90",6,18
"data/RND/1595835649_90",2,1
"data/RND/1595835649_90",3,9
"data/RND/1595835649_90",2,1
"data/RND/1595835649_90",3,2
"data/RND/1595835649_90",3,0
"data/RND/1595835649_90",2,3
"data/RND/1595835649_90",3,2
"data/RND/1595835649_90",2,1
"data/RND/1595835649_90",3,2
"data/RND/1595835658_18",12,27
"data/RND/1595835658_18",12,36
"data/RND/1595835658_18",17,38
"data/RND/1595835658_18",12,27
"data/RND/1595835658_18",12,27
"data/RND/1595835658_18",14,31
"data/RND/1595835658_18",13,19
"data/RND/1595835658_18",13,39
"data/RND/1595835658_18",13,19
"data/RND/1595835658_18",18,40
"data/RND/1595835671_48",2,0
"data/RND/1595835671_48",5,15
"data/RND/1595835671_48",7,0
"data/RND/1595835671_48",12,36
"data/RND/1595835671_48",13,0
"data/RND/1595835671_48",15,45
"data/RND/1595835671_48",8,0
"data/RND/1595835671_48",18,54
"data/RND/1595835671_48",20,60
"data/RND/1595835671_48",8,24
"data/RND/1595835686_21",1,0
"data/RND/1595835686_21",16,12
"data/RND/1595835686_21",7,10
"data/RND/1595835686_21",7,21
"data/RND/1595835686_21",7,10
"data/RND/1595835686_21",6,13
"data/RND/1595835686_21",16,12
"data/RND/1595835686_21",19,42
"data/RND/1595835686_21",5,3
"data/RND/1595835686_21",20,30
"data/RND/1595835699_26",12,0
"data/RND/1595835699_26",9,0
"data/RND/1595835699_26",8,6
"data/RND/1595835699_26",12,36
"data/RND/1595835699_26",9,13
"data/RND/1595835699_26",13,0
"data/RND/1595835699_26",8,18
"data/RND/1595835699_26",13,19
"data/RND/1595835699_26",9,27
"data/RND/1595835699_26",13,39
"data/RND/1595835711_25",14,0
"data/RND/1595835711_25",15,33
"data/RND/1595835711_25",15,11
"data/RND/1595835711_25",14,31
"data/RND/1595835711_25",18,54
"data/RND/1595835711_25",14,21
"data/RND/1595835711_25",14,42
"data/RND/1595835711_25",14,31
"data/RND/1595835711_25",16,24
"data/RND/1595835711_25",15,0
"data/RND/1595835728_57",5,3
"data/RND/1595835728_57",5,7
"data/RND/1595835728_57",7,0
"data/RND/1595835728_57",2,0
"data/RND/1595835728_57",0,0
"data/RND/1595835728_57",1,2
"data/RND/1595835728_57",4,6
"data/RND/1595835728_57",5,7
"data/RND/1595835728_57",7,15
"data/RND/1595835728_57",10,7
"data/RND/1595835739_3",5,7
"data/RND/1595835739_3",10,0
"data/RND/1595835739_3",5,11
"data/RND/1595835739_3",15,33
"data/RND/1595835739_3",20,15
"data/RND/1595835739_3",15,22
"data/RND/1595835739_3",18,27
"data/RND/1595835739_3",20,30
"data/RND/1595835739_3",20,60
"data/RND/1595835739_3",12,9
"data/RND/1595835762_98",6,0
"data/RND/1595835762_98",13,39
"data/RND/1595835762_98",15,11
"data/RND/1595835762_98",8,6
"data/RND/1595835762_98",14,42
"data/RND/1595835762_98",14,31
"data/RND/1595835762_98",13,9
"data/RND/1595835762_98",16,12
"data/RND/1595835762_98",8,24
"data/RND/1595835762_98",11,0
"data/RND/1595835876_11",12,36
"data/RND/1595835876_11",12,36
"data/RND/1595835876_11",8,0
"data/RND/1595835876_11",13,19
"data/RND/1595835876_11",14,10
"data/RND/1595835876_11",13,0
"data/RND/1595835876_11",12,0
"data/RND/1595835876_11",8,12
"data/RND/1595835876_11",12,36
"data/RND/1595835876_11",13,39
"data/RND/1595835897_95",17,0
"data/RND/1595835897_95",14,42
"data/RND/1595835897_95",14,31
"data/RND/1595835897_95",14,10
"data/RND/1595835897_95",13,39
"data/RND/1595835897_95",13,39
"data/RND/1595835897_95",14,42
"data/RND/1595835897_95",14,42
"data/RND/1595835897_95",15,22
"data/RND/1595835897_95",15,22
"data/RND/1595836013_85",15,33
"data/RND/1595836013_85",15,22
"data/RND/1595836013_85",18,13
"data/RND/1595836013_85",11,8
"data/RND/1595836013_85",16,36
"data/RND/1595836013_85",15,33
"data/RND/1595836013_85",15,33
"data/RND/1595836013_85",14,10
"data/RND/1595836013_85",15,11
"data/RND/1595836013_85",15,0
"data/RND/1595836128_17",11,33
"data/RND/1595836128_17",14,31
"data/RND/1595836128_17",14,10
"data/RND/1595836128_17",15,11
"data/RND/1595836128_17",13,19
"data/RND/1595836128_17",15,45
"data/RND/1595836128_17",12,36
"data/RND/1595836128_17",15,11
"data/RND/1595836128_17",14,21
"data/RND/1595836128_17",14,0
"data/RND/1595836134_48",4,6
"data/RND/1595836134_48",7,0
"data/RND/1595836134_48",0,0
"data/RND/1595836134_48",0,0
"data/RND/1595836134_48",2,1
"data/RND/1595836134_48",4,12
"data/RND/1595836134_48",17,51
"data/RND/1595836134_48",8,24
"data/RND/1595836134_48",4,0
"data/RND/1595836134_48",1,3
"data/RND/1595836343_57",15,11
"data/RND/1595836343_57",16,48
"data/RND/1595836343_57",17,12
"data/RND/1595836343_57",15,0
"data/RND/1595836343_57",16,36
"data/RND/1595836343_57",16,12
"data/RND/1595836343_57",15,45
"data/RND/1595836343_57",16,12
"data/RND/1595836343_57",15,0
"data/RND/1595836343_57",15,33
"data/RND/1595836457_93",14,0
"data/RND/1595836457_93",16,0
"data/RND/1595836457_93",17,38
"data/RND/1595836457_93",15,22
"data/RND/1595836457_93",15,45
"data/RND/1595836457_93",15,0
"data/RND/1595836457_93",17,0
"data/RND/1595836457_93",16,24
"data/RND/1595836457_93",15,45
"data/RND/1595836457_93",14,0
"data/RND/1595836545_46",15,22
"data/RND/1595836545_46",20,45
"data/RND/1595836545_46",15,33
"data/RND/1595836545_46",20,0
"data/RND/1595836545_46",0,0
"data/RND/1595836545_46",0,0
"data/RND/1595836545_46",10,30
"data/RND/1595836545_46",15,22
"data/RND/1595836545_46",20,15
"data/RND/1595836545_46",0,0
"data/RND/1595933128_55",10,22
"data/RND/1595933128_55",10,30
"data/RND/1595933128_55",20,0
"data/RND/1595933128_55",20,30
"data/RND/1595933128_55",20,30
"data/RND/1595933128_55",20,30
"data/RND/1595933128_55",20,45
"data/RND/1595933128_55",20,15
"data/RND/1595933128_55",20,60
"data/RND/1595933128_55",20,45
"data/RND/1595933134_15",5,0
"data/RND/1595933134_15",10,22
"data/RND/1595933134_15",14,42
"data/RND/1595933134_15",15,0
"data/RND/1595933134_15",5,3
"data/RND/1595933134_15",14,31
"data/RND/1595933134_15",13,9
"data/RND/1595933134_15",5,7
"data/RND/1595933134_15",14,31
"data/RND/1595933134_15",12,27
"data/RND/1595933135_7",1,3
"data/RND/1595933135_7",5,0
"data/RND/1595933135_7",1,1
"data/RND/1595933135_7",1,0
"data/RND/1595933135_7",0,0
"data/RND/1595933135_7",5,7
"data/RND/1595933135_7",20,0
"data/RND/1595933135_7",3,2
"data/RND/1595933135_7",1,0
"data/RND/1595933135_7",0,0
"data/RND/1595933137_13",20,30
"data/RND/1595933137_13",20,30
"data/RND/1595933137_13",20,0
"data/RND/1595933137_13",20,0
"data/RND/1595933137_13",20,15
"data/RND/1595933137_13",20,60
"data/RND/1595933137_13",20,60
"data/RND/1595933137_13",20,45
"data/RND/1595933137_13",20,60
"data/RND/1595933137_13",20,30
"data/RND/1595933138_15",13,9
"data/RND/1595933138_15",13,0
"data/RND/1595933138_15",20,60
"data/RND/1595933138_15",5,15
"data/RND/1595933138_15",7,5
"data/RND/1595933138_15",10,7
"data/RND/1595933138_15",20,45
"data/RND/1595933138_15",5,3
"data/RND/1595933138_15",20,60
"data/RND/1595933138_15",1,0
"data/RND/1595933140_71",10,0
"data/RND/1595933140_71",20,60
"data/RND/1595933140_71",1,0
"data/RND/1595933140_71",15,0
"data/RND/1595933140_71",20,30
"data/RND/1595933140_71",9,13
"data/RND/1595933140_71",12,0
"data/RND/1595933140_71",19,14
"data/RND/1595933140_71",18,0
"data/RND/1595933140_71",5,0
"data/RND/1595933147_44",10,30
"data/RND/1595933147_44",6,13
"data/RND/1595933147_44",7,15
"data/RND/1595933147_44",8,6
"data/RND/1595933147_44",4,9
"data/RND/1595933147_44",6,13
"data/RND/1595933147_44",7,15
"data/RND/1595933147_44",6,4
"data/RND/1595933147_44",4,0
"data/RND/1595933147_44",2,1
"data/RND/1595933147_57",17,25
"data/RND/1595933147_57",17,0
"data/RND/1595933147_57",15,33
"data/RND/1595933147_57",15,0
"data/RND/1595933147_57",17,51
"data/RND/1595933147_57",15,0
"data/RND/1595933147_57",16,24
"data/RND/1595933147_57",16,36
"data/RND/1595933147_57",16,36
"data/RND/1595933147_57",15,33
"data/RND/1595933147_61",15,22
"data/RND/1595933147_61",15,0
"data/RND/1595933147_61",15,0
"data/RND/1595933147_61",14,42
"data/RND/1595933147_61",17,0
"data/RND/1595933147_61",15,22
"data/RND/1595933147_61",5,0
"data/RND/1595933147_61",14,21
"data/RND/1595933147_61",14,0
"data/RND/1595933147_61",20,15
"data/RND/1595933148_90",15,22
"data/RND/1595933148_90",15,33
"data/RND/1595933148_90",17,38
"data/RND/1595933148_90",15,22
"data/RND/1595933148_90",17,12
"data/RND/1595933148_90",12,0
"data/RND/1595933148_90",12,0
"data/RND/1595933148_90",14,10
"data/RND/1595933148_90",17,38
"data/RND/1595933148_90",18,13
"data/RND/1595933159_48",15,45
"data/RND/1595933159_48",10,15
"data/RND/1595933159_48",15,22
"data/RND/1595933159_48",18,13
"data/RND/1595933159_48",5,3
"data/RND/1595933159_48",10,0
"data/RND/1595933159_48",2,1
"data/RND/1595933159_48",15,0
"data/RND/1595933159_48",0,0
"data/RND/1595933159_48",3,0
"data/RND/1595933162_24",15,45
"data/RND/1595933162_24",15,45
"data/RND/1595933162_24",15,11
"data/RND/1595933162_24",15,11
"data/RND/1595933162_24",10,22
"data/RND/1595933162_24",10,22
"data/RND/1595933162_24",10,7
"data/RND/1595933162_24",10,30
"data/RND/1595933162_24",15,11
"data/RND/1595933162_24",10,7
"data/RND/1595933167_35",5,15
"data/RND/1595933167_35",15,0
"data/RND/1595933167_35",5,0
"data/RND/1595933167_35",5,0
"data/RND/1595933167_35",5,7
"data/RND/1595933167_35",5,0
"data/RND/1595933167_35",10,22
"data/RND/1595933167_35",10,15
"data/RND/1595933167_35",20,60
"data/RND/1595933167_35",20,0
"data/RND/1595933170_56",15,11
"data/RND/1595933170_56",4,12
"data/RND/1595933170_56",20,45
"data/RND/1595933170_56",20,30
"data/RND/1595933170_56",20,30
"data/RND/1595933170_56",20,60
"data/RND/1595933170_56",20,60
"data/RND/1595933170_56",20,0
"data/RND/1595933170_56",20,30
"data/RND/1595933170_56",20,45
"data/RND/1595933172_37",15,33
"data/RND/1595933172_37",5,11
"data/RND/1595933172_37",16,48
"data/RND/1595933172_37",5,3
"data/RND/1595933172_37",12,36
"data/RND/1595933172_37",9,0
"data/RND/1595933172_37",11,24
"data/RND/1595933172_37",11,0
"data/RND/1595933172_37",8,0
"data/RND/1595933172_37",8,0
"data/RND/1595933174_78",17,25
"data/RND/1595933174_78",19,14
"data/RND/1595933174_78",16,0
"data/RND/1595933174_78",19,42
"data/RND/1595933174_78",20,45
"data/RND/1595933174_78",20,60
"data/RND/1595933174_78",20,15
"data/RND/1595933174_78",16,48
"data/RND/1595933174_78",19,42
"data/RND/1595933174_78",18,40
"data/RND/1595933177_35",10,7
"data/RND/1595933177_35",1,1
"data/RND/1595933177_35",15,22
"data/RND/1595933177_35",20,30
"data/RND/1595933177_35",20,15
"data/RND/1595933177_35",15,33
"data/RND/1595933177_35",15,11
"data/RND/1595933177_35",20,30
"data/RND/1595933177_35",15,11
"data/RND/1595933177_35",2,6
"data/RND/1595933180_22",10,15
"data/RND/1595933180_22",10,7
"data/RND/1595933180_22",12,36
"data/RND/1595933180_22",13,9
"data/RND/1595933180_22",13,9
"data/RND/1595933180_22",13,29
"data/RND/1595933180_22",15,45
"data/RND/1595933180_22",17,25
"data/RND/1595933180_22",20,15
"data/RND/1595933180_22",20,0
"data/RND/1595933180_71",20,0
"data/RND/1595933180_71",0,0
"data/RND/1595933180_71",0,0
"data/RND/1595933180_71",0,0
"data/RND/1595933180_71",0,0
"data/RND/1595933180_71",0,0
"data/RND/1595933180_71",0,0
"data/RND/1595933180_71",0,0
"data/RND/1595933180_71",0,0
"data/RND/1595933180_71",0,0
"data/RND/1595933182_86",15,22
"data/RND/1595933182_86",10,15
"data/RND/1595933182_86",15,0
"data/RND/1595933182_86",10,22
"data/RND/1595933182_86",3,0
"data/RND/1595933182_86",3,6
"data/RND/1595933182_86",2,3
"data/RND/1595933182_86",5,3
"data/RND/1595933182_86",10,0
"data/RND/1595933182_86",3,4
"data/RND/1595933186_95",2,3
"data/RND/1595933186_95",3,0
"data/RND/1595933186_95",6,4
"data/RND/1595933186_95",7,5
"data/RND/1595933186_95",8,12
"data/RND/1595933186_95",8,18
"data/RND/1595933186_95",6,13
"data/RND/1595933186_95",9,6
"data/RND/1595933186_95",13,19
"data/RND/1595933186_95",13,39
"data/RND/1595933186_99",20,60
"data/RND/1595933186_99",20,60
"data/RND/1595933186_99",20,30
"data/RND/1595933186_99",20,15
"data/RND/1595933186_99",15,0
"data/RND/1595933186_99",20,15
"data/RND/1595933186_99",20,45
"data/RND/1595933186_99",20,15
"data/RND/1595933186_99",20,60
"data/RND/1595933186_99",20,60
"data/RND/1595933187_42",13,19
"data/RND/1595933187_42",14,21
"data/RND/1595933187_42",12,36
"data/RND/1595933187_42",15,33
"data/RND/1595933187_42",17,51
"data/RND/1595933187_42",12,36
"data/RND/1595933187_42",14,42
"data/RND/1595933187_42",13,19
"data/RND/1595933187_42",16,48
"data/RND/1595933187_42",13,29
"data/RND/1595933187_51",20,45
"data/RND/1595933187_51",18,54
"data/RND/1595933187_51",17,0
"data/RND/1595933187_51",20,30
"data/RND/1595933187_51",18,40
"data/RND/1595933187_51",17,0
"data/RND/1595933187_51",20,45
"data/RND/1595933187_51",20,0
"data/RND/1595933187_51",20,45
"data/RND/1595933187_51",20,0
"data/RND/1595933187_65",17,38
"data/RND/1595933187_65",18,27
"data/RND/1595933187_65",18,0
"data/RND/1595933187_65",16,36
"data/RND/1595933187_65",16,36
"data/RND/1595933187_65",16,36
"data/RND/1595933187_65",19,57
"data/RND/1595933187_65",19,14
"data/RND/1595933187_65",11,8
"data/RND/1595933187_65",16,24
"data/RND/1595933187_70",10,0
"data/RND/1595933187_70",13,19
"data/RND/1595933187_70",14,42
"data/RND/1595933187_70",15,33
"data/RND/1595933187_70",16,24
"data/RND/1595933187_70",15,0
"data/RND/1595933187_70",11,33
"data/RND/1595933187_70",16,36
"data/RND/1595933187_70",18,0
"data/RND/1595933187_70",15,11
"data/RND/1595933188_45",2,1
"data/RND/1595933188_45",3,9
"data/RND/1595933188_45",1,0
"data/RND/1595933188_45",0,0
"data/RND/1595933188_45",2,3
"data/RND/1595933188_45",2,1
"data/RND/1595933188_45",1,2
"data/RND/1595933188_45",1,3
"data/RND/1595933188_45",9,20
"data/RND/1595933188_45",11,33
"data/RND/1595933190_26",15,11
"data/RND/1595933190_26",20,0
"data/RND/1595933190_26",5,7
"data/RND/1595933190_26",10,7
"data/RND/1595933190_26",5,11
"data/RND/1595933190_26",5,11
"data/RND/1595933190_26",5,3
"data/RND/1595933190_26",3,0
"data/RND/1595933190_26",5,3
"data/RND/1595933190_26",9,6
"data/RND/1595933191_89",14,0
"data/RND/1595933191_89",13,39
"data/RND/1595933191_89",13,19
"data/RND/1595933191_89",14,10
"data/RND/1595933191_89",13,0
"data/RND/1595933191_89",16,48
"data/RND/1595933191_89",13,19
"data/RND/1595933191_89",14,10
"data/RND/1595933191_89",13,0
"data/RND/1595933191_89",13,29
"data/RND/1595933196_47",17,25
"data/RND/1595933196_47",15,11
"data/RND/1595933196_47",18,40
"data/RND/1595933196_47",20,60
"data/RND/1595933196_47",16,12
"data/RND/1595933196_47",17,0
"data/RND/1595933196_47",16,48
"data/RND/1595933196_47",17,12
"data/RND/1595933196_47",17,0
"data/RND/1595933196_47",18,27
"data/RND/1595933201_20",1,0
"data/RND/1595933201_20",1,0
"data/RND/1595933201_20",0,0
"data/RND/1595933201_20",1,3
"data/RND/1595933201_20",1,0
"data/RND/1595933201_20",0,0
"data/RND/1595933201_20",1,0
"data/RND/1595933201_20",0,0
"data/RND/1595933201_20",1,0
"data/RND/1595933201_20",0,0
"data/RND/1595933201_71",12,9
"data/RND/1595933201_71",10,30
"data/RND/1595933201_71",20,30
"data/RND/1595933201_71",20,30
"data/RND/1595933201_71",20,30
"data/RND/1595933201_71",20,30
"data/RND/1595933201_71",20,0
"data/RND/1595933201_71",20,0
"data/RND/1595933201_71",0,0
"data/RND/1595933201_71",0,0
"data/RND/1595933203_98",10,7
"data/RND/1595933203_98",15,45
"data/RND/1595933203_98",12,18
"data/RND/1595933203_98",19,57
"data/RND/1595933203_98",18,0
"data/RND/1595933203_98",15,11
"data/RND/1595933203_98",10,7
"data/RND/1595933203_98",5,3
"data/RND/1595933203_98",20,0
"data/RND/1595933203_98",15,33
"data/RND/1595933205_64",20,15
"data/RND/1595933205_64",10,15
"data/RND/1595933205_64",15,0
"data/RND/1595933205_64",0,0
"data/RND/1595933205_64",0,0
"data/RND/1595933205_64",0,0
"data/RND/1595933205_64",0,0
"data/RND/1595933205_64",3,0
"data/RND/1595933205_64",0,0
"data/RND/1595933205_64",0,0
"data/RND/1595933205_73",20,45
"data/RND/1595933205_73",20,45
"data/RND/1595933205_73",20,15
"data/RND/1595933205_73",20,15
"data/RND/1595933205_73",20,30
"data/RND/1595933205_73",20,60
"data/RND/1595933205_73",20,30
"data/RND/1595933205_73",20,15
"data/RND/1595933205_73",20,30
"data/RND/1595933205_73",20,30
"data/RND/1595933206_68",15,0
"data/RND/1595933206_68",15,22
"data/RND/1595933206_68",10,7
"data/RND/1595933206_68",5,3
"data/RND/1595933206_68",15,33
"data/RND/1595933206_68",13,29
"data/RND/1595933206_68",18,0
"data/RND/1595933206_68",12,36
"data/RND/1595933206_68",8,6
"data/RND/1595933206_68",13,9
"data/RND/1595933210_21",20,45
"data/RND/1595933210_21",20,30
"data/RND/1595933210_21",20,15
"data/RND/1595933210_21",20,45
"data/RND/1595933210_21",20,15
"data/RND/1595933210_21",20,15
"data/RND/1595933210_21",20,15
"data/RND/1595933210_21",20,15
"data/RND/1595933210_21",20,15
"data/RND/1595933210_21",20,30
"data/RND/1595933215_91",15,33
"data/RND/1595933215_91",5,7
"data/RND/1595933215_91",1,0
"data/RND/1595933215_91",20,45
"data/RND/1595933215_91",20,45
"data/RND/1595933215_91",16,48
"data/RND/1595933215_91",13,9
"data/RND/1595933215_91",18,0
"data/RND/1595933215_91",6,0
"data/RND/1595933215_91",17,12
"data/RND/1595933219_32",15,11
"data/RND/1595933219_32",4,12
"data/RND/1595933219_32",12,9
"data/RND/1595933219_32",5,11
"data/RND/1595933219_32",5,11
"data/RND/1595933219_32",5,0
"data/RND/1595933219_32",7,21
"data/RND/1595933219_32",8,12
"data/RND/1595933219_32",5,0
"data/RND/1595933219_32",5,7
"data/RND/1595933220_89",10,22
"data/RND/1595933220_89",15,45
"data/RND/1595933220_89",18,0
"data/RND/1595933220_89",0,0
"data/RND/1595933220_89",1,3
"data/RND/1595933220_89",1,1
"data/RND/1595933220_89",4,3
"data/RND/1595933220_89",9,13
"data/RND/1595933220_89",12,0
"data/RND/1595933220_89",0,0
"data/RND/1595933227_66",5,15
"data/RND/1595933227_66",5,7
"data/RND/1595933227_66",5,11
"data/RND/1595933227_66",5,15
"data/RND/1595933227_66",10,7
"data/RND/1595933227_66",8,24
"data/RND/1595933227_66",10,0
"data/RND/1595933227_66",5,15
"data/RND/1595933227_66",6,13
"data/RND/1595933227_66",6,13
"data/RND/1595933231_25",18,27
"data/RND/1595933231_25",20,30
"data/RND/1595933231_25",20,45
"data/RND/1595933231_25",20,30
"data/RND/1595933231_25",20,60
"data/RND/1595933231_25",20,60
"data/RND/1595933231_25",20,15
"data/RND/1595933231_25",20,0
"data/RND/1595933231_25",18,0
"data/RND/1595933231_25",5,7
"data/RND/1595933233_80",13,9
"data/RND/1595933233_80",14,31
"data/RND/1595933233_80",13,9
"data/RND/1595933233_80",16,24
"data/RND/1595933233_80",15,33
"data/RND/1595933233_80",16,12
"data/RND/1595933233_80",16,12
"data/RND/1595933233_80",16,24
"data/RND/1595933233_80",14,10
"data/RND/1595933233_80",17,25
"data/RND/1595933234_38",5,15
"data/RND/1595933234_38",15,45
"data/RND/1595933234_38",15,22
"data/RND/1595933234_38",10,0
"data/RND/1595933234_38",5,15
"data/RND/1595933234_38",10,22
"data/RND/1595933234_38",15,22
"data/RND/1595933234_38",5,7
"data/RND/1595933234_38",8,18
"data/RND/1595933234_38",12,9
"data/RND/1595933241_72",10,15
"data/RND/1595933241_72",15,11
"data/RND/1595933241_72",15,33
"data/RND/1595933241_72",15,33
"data/RND/1595933241_72",15,0
"data/RND/1595933241_72",15,22
"data/RND/1595933241_72",15,0
"data/RND/1595933241_72",15,0
"data/RND/1595933241_72",11,0
"data/RND/1595933241_72",5,0
"data/RND/1595933243_58",5,0
"data/RND/1595933243_58",0,0
"data/RND/1595933243_58",0,0
"data/RND/1595933243_58",10,22
"data/RND/1595933243_58",15,22
"data/RND/1595933243_58",13,19
"data/RND/1595933243_58",7,0
"data/RND/1595933243_58",0,0
"data/RND/1595933243_58",0,0
"data/RND/1595933243_58",0,0
"data/RND/1595933246_11",15,45
"data/RND/1595933246_11",20,30
"data/RND/1595933246_11",20,60
"data/RND/1595933246_11",20,15
"data/RND/1595933246_11",20,0
"data/RND/1595933246_11",20,30
"data/RND/1595933246_11",20,30
"data/RND/1595933246_11",20,60
"data/RND/1595933246_11",20,15
"data/RND/1595933246_11",20,0
"data/RND/1595933249_84",5,0
"data/RND/1595933249_84",7,15
"data/RND/1595933249_84",9,20
"data/RND/1595933249_84",11,16
"data/RND/1595933249_84",9,27
"data/RND/1595933249_84",11,8
"data/RND/1595933249_84",11,24
"data/RND/1595933249_84",9,13
"data/RND/1595933249_84",11,16
"data/RND/1595933249_84",11,33
"data/RND/1595933250_1",5,11
"data/RND/1595933250_1",5,3
"data/RND/1595933250_1",6,0
"data/RND/1595933250_1",3,0
"data/RND/1595933250_1",6,0
"data/RND/1595933250_1",2,6
"data/RND/1595933250_1",4,12
"data/RND/1595933250_1",3,6
"data/RND/1595933250_1",6,18
"data/RND/1595933250_1",5,11
"data/RND/1595933254_47",10,22
"data/RND/1595933254_47",5,15
"data/RND/1595933254_47",15,45
"data/RND/1595933254_47",5,11
"data/RND/1595933254_47",5,7
"data/RND/1595933254_47",20,15
"data/RND/1595933254_47",10,15
"data/RND/1595933254_47",15,22
"data/RND/1595933254_47",0,0
"data/RND/1595933254_47",5,11
"data/RND/1595933258_20",10,7
"data/RND/1595933258_20",15,22
"data/RND/1595933258_20",17,25
"data/RND/1595933258_20",20,0
"data/RND/1595933258_20",15,33
"data/RND/1595933258_20",12,27
"data/RND/1595933258_20",15,0
"data/RND/1595933258_20",14,10
"data/RND/1595933258_20",17,12
"data/RND/1595933258_20",10,30
"data/RND/1595933261_15",20,45
"data/RND/1595933261_15",20,60
"data/RND/1595933261_15",20,60
"data/RND/1595933261_15",20,0
"data/RND/1595933261_15",20,45
"data/RND/1595933261_15",20,30
"data/RND/1595933261_15",20,60
"data/RND/1595933261_15",20,0
"data/RND/1595933261_15",20,30
"data/RND/1595933261_15",20,60
"data/RND/1595933261_2",10,15
"data/RND/1595933261_2",15,11
"data/RND/1595933261_2",13,19
"data/RND/1595933261_2",18,40
"data/RND/1595933261_2",14,21
"data/RND/1595933261_2",18,0
"data/RND/1595933261_2",11,16
"data/RND/1595933261_2",16,48
"data/RND/1595933261_2",19,0
"data/RND/1595933261_2",18,40
"data/RND/1595933269_59",12,9
"data/RND/1595933269_59",11,0
"data/RND/1595933269_59",9,13
"data/RND/1595933269_59",12,9
"data/RND/1595933269_59",12,36
"data/RND/1595933269_59",8,18
"data/RND/1595933269_59",8,18
"data/RND/1595933269_59",13,19
"data/RND/1595933269_59",14,21
"data/RND/1595933269_59",13,0
"data/RND/1595933270_10",11,33
"data/RND/1595933270_10",11,16
"data/RND/1595933270_10",11,33
"data/RND/1595933270_10",12,36
"data/RND/1595933270_10",12,27
"data/RND/1595933270_10",11,16
"data/RND/1595933270_10",11,8
"data/RND/1595933270_10",15,45
"data/RND/1595933270_10",14,21
"data/RND/1595933270_10",14,42
"data/RND/1595933270_99",15,0
"data/RND/1595933270_99",5,7
"data/RND/1595933270_99",12,18
"data/RND/1595933270_99",12,18
"data/RND/1595933270_99",13,19
"data/RND/1595933270_99",15,0
"data/RND/1595933270_99",14,31
"data/RND/1595933270_99",14,21
"data/RND/1595933270_99",14,0
"data/RND/1595933270_99",9,6
"data/RND/1595933275_79",7,5
"data/RND/1595933275_79",4,3
"data/RND/1595933275_79",12,27
"data/RND/1595933275_79",12,18
"data/RND/1595933275_79",11,8
"data/RND/1595933275_79",12,27
"data/RND/1595933275_79",8,18
"data/RND/1595933275_79",11,0
"data/RND/1595933275_79",12,36
"data/RND/1595933275_79",12,0
"data/RND/1595933276_12",20,0
"data/RND/1595933276_12",20,45
"data/RND/1595933276_12",20,0
"data/RND/1595933276_12",20,15
"data/RND/1595933276_12",20,30
"data/RND/1595933276_12",20,45
"data/RND/1595933276_12",20,15
"data/RND/1595933276_12",20,0
"data/RND/1595933276_12",20,0
"data/RND/1595933276_12",20,30
"data/RND/1595933276_43",17,25
"data/RND/1595933276_43",15,45
"data/RND/1595933276_43",17,12
"data/RND/1595933276_43",17,25
"data/RND/1595933276_43",18,54
"data/RND/1595933276_43",18,54
"data/RND/1595933276_43",15,0
"data/RND/1595933276_43",17,25
"data/RND/1595933276_43",16,48
"data/RND/1595933276_43",17,51
"data/RND/1595933277_83",15,0
"data/RND/1595933277_83",15,33
"data/RND/1595933277_83",15,11
"data/RND/1595933277_83",15,33
"data/RND/1595933277_83",15,22
"data/RND/1595933277_83",15,11
"data/RND/1595933277_83",16,36
"data/RND/1595933277_83",14,31
"data/RND/1595933277_83",15,11
"data/RND/1595933277_83",15,45
"data/RND/1595933279_74",15,22
"data/RND/1595933279_74",15,0
"data/RND/1595933279_74",11,8
"data/RND/1595933279_74",15,22
"data/RND/1595933279_74",20,30
"data/RND/1595933279_74",5,7
"data/RND/1595933279_74",15,22
"data/RND/1595933279_74",20,45
"data/RND/1595933279_74",15,0
"data/RND/1595933279_74",20,15
"data/RND/1595933280_25",15,45
"data/RND/1595933280_25",20,0
"data/RND/1595933280_25",5,0
"data/RND/1595933280_25",1,0
"data/RND/1595933280_25",7,10
"data/RND/1595933280_25",12,0
"data/RND/1595933280_25",3,4
"data/RND/1595933280_25",3,2
"data/RND/1595933280_25",8,24
"data/RND/1595933280_25",3,9
"data/RND/1595933282_84",5,7
"data/RND/1595933282_84",7,5
"data/RND/1595933282_84",9,27
"data/RND/1595933282_84",12,0
"data/RND/1595933282_84",6,9
"data/RND/1595933282_84",12,27
"data/RND/1595933282_84",12,0
"data/RND/1595933282_84",8,12
"data/RND/1595933282_84",12,9
"data/RND/1595933282_84",12,36
"data/RND/1595933287_85",10,22
"data/RND/1595933287_85",15,0
"data/RND/1595933287_85",10,15
"data/RND/1595933287_85",10,0
"data/RND/1595933287_85",20,30
"data/RND/1595933287_85",2,0
"data/RND/1595933287_85",15,45
"data/RND/1595933287_85",2,1
"data/RND/1595933287_85",15,11
"data/RND/1595933287_85",10,22
"data/RND/1595933289_76",2,0
"data/RND/1595933289_76",3,9
"data/RND/1595933289_76",5,0
"data/RND/1595933289_76",4,9
"data/RND/1595933289_76",6,9
"data/RND/1595933289_76",6,18
"data/RND/1595933289_76",8,6
"data/RND/1595933289_76",9,13
"data/RND/1595933289_76",9,13
"data/RND/1595933289_76",11,0
"data/RND/1595933294_95",15,0
"data/RND/1595933294_95",10,7
"data/RND/1595933294_95",0,0
"data/RND/1595933294_95",0,0
"data/RND/1595933294_95",0,0
"data/RND/1595933294_95",0,0
"data/RND/1595933294_95",0,0
"data/RND/1595933294_95",0,0
"data/RND/1595933294_95",0,0
"data/RND/1595933294_95",0,0
"data/RND/1595933296_12",13,0
"data/RND/1595933296_12",13,29
"data/RND/1595933296_12",13,19
"data/RND/1595933296_12",15,0
"data/RND/1595933296_12",13,0
"data/RND/1595933296_12",14,31
"data/RND/1595933296_12",13,19
"data/RND/1595933296_12",15,22
"data/RND/1595933296_12",13,19
"data/RND/1595933296_12",13,0
"data/RND/1595933298_14",15,33
"data/RND/1595933298_14",13,9
"data/RND/1595933298_14",15,33
"data/RND/1595933298_14",20,30
"data/RND/1595933298_14",19,42
"data/RND/1595933298_14",18,13
"data/RND/1595933298_14",19,42
"data/RND/1595933298_14",19,57
"data/RND/1595933298_14",17,0
"data/RND/1595933298_14",18,27
"data/RND/1595933300_15",20,0
"data/RND/1595933300_15",0,0
"data/RND/1595933300_15",0,0
"data/RND/1595933300_15",0,0
"data/RND/1595933300_15",0,0
"data/RND/1595933300_15",0,0
"data/RND/1595933300_15",0,0
"data/RND/1595933300_15",0,0
"data/RND/1595933300_15",0,0
"data/RND/1595933300_15",0,0
"data/RND/1595933301_34",16,36
"data/RND/1595933301_34",18,40
"data/RND/1595933301_34",16,36
"data/RND/1595933301_34",17,25
"data/RND/1595933301_34",17,12
"data/RND/1595933301_34",17,38
"data/RND/1595933301_34",18,27
"data/RND/1595933301_34",17,0
"data/RND/1595933301_34",18,40
"data/RND/1595933301_34",15,22
"data/RND/1595933302_52",14,31
"data/RND/1595933302_52",19,42
"data/RND/1595933302_52",20,60
"data/RND/1595933302_52",20,30
"data/RND/1595933302_52",20,30
"data/RND/1595933302_52",20,30
"data/RND/1595933302_52",20,15
"data/RND/1595933302_52",5,7
"data/RND/1595933302_52",11,0
"data/RND/1595933302_52",0,0
"data/RND/1595933304_51",15,22
"data/RND/1595933304_51",15,33
"data/RND/1595933304_51",20,15
"data/RND/1595933304_51",15,33
"data/RND/1595933304_51",5,7
"data/RND/1595933304_51",20,30
"data/RND/1595933304_51",16,48
"data/RND/1595933304_51",20,60
"data/RND/1595933304_51",15,45
"data/RND/1595933304_51",20,60
"data/RND/1595933311_14",5,15
"data/RND/1595933311_14",5,7
"data/RND/1595933311_14",5,15
"data/RND/1595933311_14",5,3
"data/RND/1595933311_14",5,3
"data/RND/1595933311_14",3,2
"data/RND/1595933311_14",2,1
"data/RND/1595933311_14",5,3
"data/RND/1595933311_14",1,0
"data/RND/1595933311_14",7,21
"data/RND/1595933342_66",5,11
"data/RND/1595933342_66",7,5
"data/RND/1595933342_66",10,30
"data/RND/1595933342_66",10,15
"data/RND/1595933342_66",15,0
"data/RND/1595933342_66",6,9
"data/RND/1595933342_66",4,3
"data/RND/1595933342_66",10,0
"data/RND/1595933342_66",5,3
"data/RND/1595933342_66",5,11
"data/RND/1595933351_12",20,0
"data/RND/1595933351_12",20,15
"data/RND/1595933351_12",20,45
"data/RND/1595933351_12",20,0
"data/RND/1595933351_12",20,45
"data/RND/1595933351_12",20,15
"data/RND/1595933351_12",20,45
"data/RND/1595933351_12",20,15
"data/RND/1595933351_12",20,45
"data/RND/1595933351_12",20,15
"data/RND/1595933356_66",15,33
"data/RND/1595933356_66",18,40
"data/RND/1595933356_66",16,24
"data/RND/1595933356_66",9,27
"data/RND/1595933356_66",17,38
"data/RND/1595933356_66",14,10
"data/RND/1595933356_66",19,42
"data/RND/1595933356_66",17,0
"data/RND/1595933356_66",16,12
"data/RND/1595933356_66",13,9
"data/RND/1595933357_25",9,6
"data/RND/1595933357_25",9,20
"data/RND/1595933357_25",7,21
"data/RND/1595933357_25",9,20
"data/RND/1595933357_25",8,0
"data/RND/1595933357_25",6,13
"data/RND/1595933357_25",4,12
"data/RND/1595933357_25",8,18
"data/RND/1595933357_25",8,18
"data/RND/1595933357_25",8,0
"data/RND/1595933357_74",20,60
"data/RND/1595933357_74",20,15
"data/RND/1595933357_74",20,0
"data/RND/1595933357_74",20,0
"data/RND/1595933357_74",20,30
"data/RND/1595933357_74",20,60
"data/RND/1595933357_74",20,15
"data/RND/1595933357_74",20,60
"data/RND/1595933357_74",20,45
"data/RND/1595933357_74",20,30
"data/RND/1595933361_75",15,0
"data/RND/1595933361_75",20,15
"data/RND/1595933361_75",15,22
"data/RND/1595933361_75",20,0
"data/RND/1595933361_75",16,0
"data/RND/1595933361_75",8,18
"data/RND/1595933361_75",12,36
"data/RND/1595933361_75",7,21
"data/RND/1595933361_75",15,0
"data/RND/1595933361_75",5,15
"data/RND/1595933369_22",13,29
"data/RND/1595933369_22",15,45
"data/RND/1595933369_22",19,14
"data/RND/1595933369_22",16,48
"data/RND/1595933369_22",15,11
"data/RND/1595933369_22",14,42
"data/RND/1595933369_22",15,33
"data/RND/1595933369_22",15,22
"data/RND/1595933369_22",15,22
"data/RND/1595933369_22",15,33
"data/RND/1595933372_31",9,13
"data/RND/1595933372_31",5,0
"data/RND/1595933372_31",5,3
"data/RND/1595933372_31",2,4
"data/RND/1595933372_31",2,1
"data/RND/1595933372_31",2,4
"data/RND/1595933372_31",3,2
"data/RND/1595933372_31",0,0
"data/RND/1595933372_31",1,0
"data/RND/1595933372_31",1,1
"data/RND/1595933374_64",15,45
"data/RND/1595933374_64",17,51
"data/RND/1595933374_64",15,11
"data/RND/1595933374_64",20,30
"data/RND/1595933374_64",19,57
"data/RND/1595933374_64",19,42
"data/RND/1595933374_64",20,0
"data/RND/1595933374_64",17,38
"data/RND/1595933374_64",19,14
"data/RND/1595933374_64",7,0
"data/RND/1595933379_100",15,11
"data/RND/1595933379_100",10,22
"data/RND/1595933379_100",15,45
"data/RND/1595933379_100",10,30
"data/RND/1595933379_100",10,15
"data/RND/1595933379_100",7,15
"data/RND/1595933379_100",15,0
"data/RND/1595933379_100",12,0
"data/RND/1595933379_100",5,15
"data/RND/1595933379_100",14,21
"data/RND/1595933381_66",15,0
"data/RND/1595933381_66",15,33
"data/RND/1595933381_66",20,60
"data/RND/1595933381_66",15,33
"data/RND/1595933381_66",5,11
"data/RND/1595933381_66",10,7
"data/RND/1595933381_66",12,18
"data/RND/1595933381_66",4,6
"data/RND/1595933381_66",6,9
"data/RND/1595933381_66",20,45
"data/RND/1595933383_59",10,7
"data/RND/1595933383_59",14,31
"data/RND/1595933383_59",15,22
"data/RND/1595933383_59",13,19
"data/RND/1595933383_59",15,22
"data/RND/1595933383_59",15,22
"data/RND/1595933383_59",15,11
"data/RND/1595933383_59",12,36
"data/RND/1595933383_59",14,0
"data/RND/1595933383_59",15,33
"data/RND/1595933392_71",15,33
"data/RND/1595933392_71",20,45
"data/RND/1595933392_71",15,33
"data/RND/1595933392_71",9,6
"data/RND/1595933392_71",16,0
"data/RND/1595933392_71",19,42
"data/RND/1595933392_71",16,48
"data/RND/1595933392_71",19,28
"data/RND/1595933392_71",16,0
"data/RND/1595933392_71",16,48
"data/RND/1595933397_62",15,0
"data/RND/1595933397_62",5,15
"data/RND/1595933397_62",5,3
"data/RND/1595933397_62",11,0
"data/RND/1595933397_62",2,6
"data/RND/1595933397_62",5,11
"data/RND/1595933397_62",15,0
"data/RND/1595933397_62",5,0
"data/RND/1595933397_62",3,6
"data/RND/1595933397_62",6,13
"data/RND/1595933399_78",7,21
"data/RND/1595933399_78",15,33
"data/RND/1595933399_78",20,60
"data/RND/1595933399_78",19,28
"data/RND/1595933399_78",20,0
"data/RND/1595933399_78",10,0
"data/RND/1595933399_78",5,7
"data/RND/1595933399_78",13,29
"data/RND/1595933399_78",16,12
"data/RND/1595933399_78",8,24
"data/RND/1595933409_85",12,27
"data/RND/1595933409_85",15,22
"data/RND/1595933409_85",20,60
"data/RND/1595933409_85",15,11
"data/RND/1595933409_85",20,30
"data/RND/1595933409_85",20,15
"data/RND/1595933409_85",20,60
"data/RND/1595933409_85",20,60
"data/RND/1595933409_85",16,0
"data/RND/1595933409_85",17,0
"data/RND/1595933420_24",13,29
"data/RND/1595933420_24",15,22
"data/RND/1595933420_24",11,0
"data/RND/1595933420_24",13,29
"data/RND/1595933420_24",16,12
"data/RND/1595933420_24",12,9
"data/RND/1595933420_24",13,9
"data/RND/1595933420_24",8,0
"data/RND/1595933420_24",11,0
"data/RND/1595933420_24",5,7
"data/RND/1595933420_48",14,21
"data/RND/1595933420_48",14,0
"data/RND/1595933420_48",16,24
"data/RND/1595933420_48",15,33
"data/RND/1595933420_48",13,19
"data/RND/1595933420_48",13,9
"data/RND/1595933420_48",12,27
"data/RND/1595933420_48",12,36
"data/RND/1595933420_48",16,0
"data/RND/1595933420_48",19,0
"data/RND/1595933422_70",10,0
"data/RND/1595933422_70",15,45
"data/RND/1595933422_70",10,0
"data/RND/1595933422_70",15,11
"data/RND/1595933422_70",15,11
"data/RND/1595933422_70",10,30
"data/RND/1595933422_70",15,22
"data/RND/1595933422_70",10,7
"data/RND/1595933422_70",15,22
"data/RND/1595933422_70",10,15
"data/RND/1595933428_15",15,22
"data/RND/1595933428_15",15,0
"data/RND/1595933428_15",14,10
"data/RND/1595933428_15",13,19
"data/RND/1595933428_15",13,0
"data/RND/1595933428_15",15,45
"data/RND/1595933428_15",14,42
"data/RND/1595933428_15",16,0
"data/RND/1595933428_15",15,11
"data/RND/1595933428_15",14,42
"data/RND/1595933429_16",5,15
"data/RND/1595933429_16",7,5
"data/RND/1595933429_16",5,7
"data/RND/1595933429_16",5,11
"data/RND/1595933429_16",5,0
"data/RND/1595933429_16",7,10
"data/RND/1595933429_16",5,7
"data/RND/1595933429_16",12,9
"data/RND/1595933429_16",5,7
"data/RND/1595933429_16",3,6
"data/RND/1595933435_69",15,22
"data/RND/1595933435_69",18,0
"data/RND/1595933435_69",17,51
"data/RND/1595933435_69",17,38
"data/RND/1595933435_69",18,0
"data/RND/1595933435_69",19,14
"data/RND/1595933435_69",20,0
"data/RND/1595933435_69",16,24
"data/RND/1595933435_69",18,54
"data/RND/1595933435_69",16,36
"data/RND/1595933441_46",13,9
"data/RND/1595933441_46",14,21
"data/RND/1595933441_46",14,10
"data/RND/1595933441_46",14,42
"data/RND/1595933441_46",13,0
"data/RND/1595933441_46",14,31
"data/RND/1595933441_46",15,0
"data/RND/1595933441_46",15,11
"data/RND/1595933441_46",15,33
"data/RND/1595933441_46",15,0
"data/RND/1595933441_78",10,0
"data/RND/1595933441_78",11,33
"data/RND/1595933441_78",11,8
"data/RND/1595933441_78",14,31
"data/RND/1595933441_78",14,10
"data/RND/1595933441_78",16,0
"data/RND/1595933441_78",18,13
"data/RND/1595933441_78",19,0
"data/RND/1595933441_78",18,54
"data/RND/1595933441_78",19,28
"data/RND/1595933443_61",20,15
"data/RND/1595933443_61",20,45
"data/RND/1595933443_61",20,0
"data/RND/1595933443_61",20,0
"data/RND/1595933443_61",20,15
"data/RND/1595933443_61",20,60
"data/RND/1595933443_61",20,30
"data/RND/1595933443_61",20,30
"data/RND/1595933443_61",20,45
"data/RND/1595933443_61",20,45
"data/RND/1595933449_57",15,22
"data/RND/1595933449_57",15,22
"data/RND/1595933449_57",20,45
"data/RND/1595933449_57",20,30
"data/RND/1595933449_57",20,60
"data/RND/1595933449_57",20,60
"data/RND/1595933449_57",15,33
"data/RND/1595933449_57",20,45
"data/RND/1595933449_57",20,30
"data/RND/1595933449_57",20,60
"data/RND/1595933451_43",5,3
"data/RND/1595933451_43",15,0
"data/RND/1595933451_43",5,7
"data/RND/1595933451_43",10,15
"data/RND/1595933451_43",15,0
"data/RND/1595933451_43",5,0
"data/RND/1595933451_43",5,15
"data/RND/1595933451_43",5,0
"data/RND/1595933451_43",10,15
"data/RND/1595933451_43",10,22
"data/RND/1595933452_13",14,0
"data/RND/1595933452_13",7,10
"data/RND/1595933452_13",14,31
"data/RND/1595933452_13",15,33
"data/RND/1595933452_13",7,10
"data/RND/1595933452_13",15,0
"data/RND/1595933452_13",18,54
"data/RND/1595933452_13",4,12
"data/RND/1595933452_13",18,0
"data/RND/1595933452_13",13,19
"data/RND/1595933454_36",15,22
"data/RND/1595933454_36",17,25
"data/RND/1595933454_36",17,25
"data/RND/1595933454_36",20,15
"data/RND/1595933454_36",20,60
"data/RND/1595933454_36",5,0
"data/RND/1595933454_36",17,0
"data/RND/1595933454_36",17,12
"data/RND/1595933454_36",18,27
"data/RND/1595933454_36",16,24
"data/RND/1595933454_92",5,15
"data/RND/1595933454_92",10,22
"data/RND/1595933454_92",20,30
"data/RND/1595933454_92",17,51
"data/RND/1595933454_92",18,13
"data/RND/1595933454_92",15,0
"data/RND/1595933454_92",15,22
"data/RND/1595933454_92",9,20
"data/RND/1595933454_92",15,33
"data/RND/1595933454_92",19,14
"data/RND/1595933460_87",12,18
"data/RND/1595933460_87",14,10
"data/RND/1595933460_87",12,36
"data/RND/1595933460_87",12,9
"data/RND/1595933460_87",13,9
"data/RND/1595933460_87",14,0
"data/RND/1595933460_87",12,0
"data/RND/1595933460_87",14,10
"data/RND/1595933460_87",13,39
"data/RND/1595933460_87",13,29
"data/RND/1595933464_83",13,9
"data/RND/1595933464_83",13,39
"data/RND/1595933464_83",14,31
"data/RND/1595933464_83",13,19
"data/RND/1595933464_83",14,42
"data/RND/1595933464_83",13,0
"data/RND/1595933464_83",14,10
"data/RND/1595933464_83",14,42
"data/RND/1595933464_83",14,0
"data/RND/1595933464_83",14,21
"data/RND/1595933485_42",12,9
"data/RND/1595933485_42",13,39
"data/RND/1595933485_42",15,0
"data/RND/1595933485_42",14,42
"data/RND/1595933485_42",14,21
"data/RND/1595933485_42",15,33
"data/RND/1595933485_42",15,11
"data/RND/1595933485_42",15,45
"data/RND/1595933485_42",15,33
"data/RND/1595933485_42",15,11
"data/RND/1595933500_27",15,33
"data/RND/1595933500_27",15,45
"data/RND/1595933500_27",20,60
"data/RND/1595933500_27",15,11
"data/RND/1595933500_27",19,28
"data/RND/1595933500_27",15,22
"data/RND/1595933500_27",15,0
"data/RND/1595933500_27",13,29
"data/RND/1595933500_27",13,19
"data/RND/1595933500_27",13,9
"data/RND/1595933510_61",18,13
"data/RND/1595933510_61",15,11
"data/RND/1595933510_61",10,15
"data/RND/1595933510_61",5,15
"data/RND/1595933510_61",0,0
"data/RND/1595933510_61",5,11
"data/RND/1595933510_61",15,22
"data/RND/1595933510_61",11,33
"data/RND/1595933510_61",9,13
"data/RND/1595933510_61",20,30
"data/RND/1595933511_26",15,33
"data/RND/1595933511_26",20,45
"data/RND/1595933511_26",15,45
"data/RND/1595933511_26",20,60
"data/RND/1595933511_26",15,11
"data/RND/1595933511_26",20,0
"data/RND/1595933511_26",15,11
"data/RND/1595933511_26",13,29
"data/RND/1595933511_26",12,27
"data/RND/1595933511_26",20,15
"data/RND/1595933513_9",15,0
"data/RND/1595933513_9",5,15
"data/RND/1595933513_9",10,15
"data/RND/1595933513_9",10,22
"data/RND/1595933513_9",15,11
"data/RND/1595933513_9",5,11
"data/RND/1595933513_9",10,0
"data/RND/1595933513_9",5,7
"data/RND/1595933513_9",10,0
"data/RND/1595933513_9",4,3
"data/RND/1595933514_6",11,33
"data/RND/1595933514_6",14,10
"data/RND/1595933514_6",18,0
"data/RND/1595933514_6",5,0
"data/RND/1595933514_6",11,0
"data/RND/1595933514_6",18,40
"data/RND/1595933514_6",20,0
"data/RND/1595933514_6",15,22
"data/RND/1595933514_6",14,31
"data/RND/1595933514_6",17,25
"data/RND/1595933519_94",9,6
"data/RND/1595933519_94",7,10
"data/RND/1595933519_94",17,38
"data/RND/1595933519_94",20,15
"data/RND/1595933519_94",4,0
"data/RND/1595933519_94",18,54
"data/RND/1595933519_94",16,12
"data/RND/1595933519_94",18,13
"data/RND/1595933519_94",19,28
"data/RND/1595933519_94",15,0
"data/RND/1595933548_7",17,25
"data/RND/1595933548_7",14,0
"data/RND/1595933548_7",7,21
"data/RND/1595933548_7",15,33
"data/RND/1595933548_7",12,27
"data/RND/1595933548_7",13,19
"data/RND/1595933548_7",10,0
"data/RND/1595933548_7",13,29
"data/RND/1595933548_7",13,39
"data/RND/1595933548_7",14,42
"data/RND/1595933552_47",9,0
"data/RND/1595933552_47",5,0
"data/RND/1595933552_47",7,15
"data/RND/1595933552_47",11,33
"data/RND/1595933552_47",9,27
"data/RND/1595933552_47",11,8
"data/RND/1595933552_47",12,36
"data/RND/1595933552_47",9,0
"data/RND/1595933552_47",11,0
"data/RND/1595933552_47",10,30
"data/RND/1595933561_96",15,22
"data/RND/1595933561_96",12,36
"data/RND/1595933561_96",14,42
"data/RND/1595933561_96",15,45
"data/RND/1595933561_96",8,0
"data/RND/1595933561_96",15,0
"data/RND/1595933561_96",15,33
"data/RND/1595933561_96",18,54
"data/RND/1595933561_96",13,39
"data/RND/1595933561_96",15,22
"data/RND/1595933567_56",15,22
"data/RND/1595933567_56",16,0
"data/RND/1595933567_56",12,36
"data/RND/1595933567_56",13,0
"data/RND/1595933567_56",16,12
"data/RND/1595933567_56",16,12
"data/RND/1595933567_56",17,12
"data/RND/1595933567_56",16,24
"data/RND/1595933567_56",14,21
"data/RND/1595933567_56",18,13
"data/RND/1595933569_22",15,45
"data/RND/1595933569_22",15,22
"data/RND/1595933569_22",12,36
"data/RND/1595933569_22",15,11
"data/RND/1595933569_22",11,0
"data/RND/1595933569_22",5,7
"data/RND/1595933569_22",7,10
"data/RND/1595933569_22",15,11
"data/RND/1595933569_22",6,9
"data/RND/1595933569_22",7,10
"data/RND/1595933581_31",15,0
"data/RND/1595933581_31",5,0
"data/RND/1595933581_31",0,0
"data/RND/1595933581_31",1,0
"data/RND/1595933581_31",4,6
"data/RND/1595933581_31",1,1
"data/RND/1595933581_31",1,2
"data/RND/1595933581_31",1,0
"data/RND/1595933581_31",9,27
"data/RND/1595933581_31",12,0
"data/RND/1595933589_64",11,16
"data/RND/1595933589_64",13,19
"data/RND/1595933589_64",13,29
"data/RND/1595933589_64",15,45
"data/RND/1595933589_64",16,36
"data/RND/1595933589_64",17,51
"data/RND/1595933589_64",17,0
"data/RND/1595933589_64",19,42
"data/RND/1595933589_64",17,51
"data/RND/1595933589_64",18,0
"data/RND/1595933599_32",15,22
"data/RND/1595933599_32",15,33
"data/RND/1595933599_32",15,22
"data/RND/1595933599_32",14,42
"data/RND/1595933599_32",13,29
"data/RND/1595933599_32",13,39
"data/RND/1595933599_32",14,0
"data/RND/1595933599_32",14,42
"data/RND/1595933599_32",14,21
"data/RND/1595933599_32",13,39
"data/RND/1595933613_7",5,3
"data/RND/1595933613_7",15,45
"data/RND/1595933613_7",20,60
"data/RND/1595933613_7",17,12
"data/RND/1595933613_7",18,0
"data/RND/1595933613_7",11,8
"data/RND/1595933613_7",13,29
"data/RND/1595933613_7",15,11
"data/RND/1595933613_7",8,18
"data/RND/1595933613_7",17,51
"data/RND/1595933619_29",20,30
"data/RND/1595933619_29",20,60
"data/RND/1595933619_29",20,15
"data/RND/1595933619_29",20,45
"data/RND/1595933619_29",20,60
"data/RND/1595933619_29",20,15
"data/RND/1595933619_29",20,0
"data/RND/1595933619_29",20,60
"data/RND/1595933619_29",20,0
"data/RND/1595933619_29",20,60
"data/RND/1595933633_69",20,0
"data/RND/1595933633_69",9,20
"data/RND/1595933633_69",5,11
"data/RND/1595933633_69",5,3
"data/RND/1595933633_69",7,10
"data/RND/1595933633_69",7,10
"data/RND/1595933633_69",13,0
"data/RND/1595933633_69",7,0
"data/RND/1595933633_69",11,16
"data/RND/1595933633_69",8,12
"data/RND/1595933645_78",15,45
"data/RND/1595933645_78",20,0
"data/RND/1595933645_78",15,22
"data/RND/1595933645_78",15,33
"data/RND/1595933645_78",10,0
"data/RND/1595933645_78",15,45
"data/RND/1595933645_78",15,0
"data/RND/1595933645_78",15,11
"data/RND/1595933645_78",16,0
"data/RND/1595933645_78",15,11
"data/RND/1595933657_56",20,45
"data/RND/1595933657_56",20,15
"data/RND/1595933657_56",20,45
"data/RND/1595933657_56",20,30
"data/RND/1595933657_56",20,60
"data/RND/1595933657_56",20,0
"data/RND/1595933657_56",20,15
"data/RND/1595933657_56",20,0
"data/RND/1595933657_56",20,15
"data/RND/1595933657_56",20,30
"data/RND/1595933663_80",15,0
"data/RND/1595933663_80",15,0
"data/RND/1595933663_80",20,45
"data/RND/1595933663_80",20,15
"data/RND/1595933663_80",20,30
"data/RND/1595933663_80",19,0
"data/RND/1595933663_80",14,0
"data/RND/1595933663_80",15,11
"data/RND/1595933663_80",15,22
"data/RND/1595933663_80",19,57
"data/RND/1595933665_63",14,21
"data/RND/1595933665_63",18,54
"data/RND/1595933665_63",17,0
"data/RND/1595933665_63",15,22
"data/RND/1595933665_63",16,0
"data/RND/1595933665_63",14,10
"data/RND/1595933665_63",17,0
"data/RND/1595933665_63",16,36
"data/RND/1595933665_63",17,12
"data/RND/1595933665_63",17,38
"data/RND/1595933679_95",17,38
"data/RND/1595933679_95",17,25
"data/RND/1595933679_95",20,15
"data/RND/1595933679_95",9,0
"data/RND/1595933679_95",18,13
"data/RND/1595933679_95",19,0
"data/RND/1595933679_95",16,36
"data/RND/1595933679_95",18,54
"data/RND/1595933679_95",18,13
"data/RND/1595933679_95",19,42
"data/RND/1595933805_79",16,36
"data/RND/1595933805_79",18,13
"data/RND/1595933805_79",17,12
"data/RND/1595933805_79",19,14
"data/RND/1595933805_79",17,0
"data/RND/1595933805_79",18,0
"data/RND/1595933805_79",18,40
"data/RND/1595933805_79",18,54
"data/RND/1595933805_79",19,28
"data/RND/1595933805_79",18,13
"data/RND/1595933806_14",16,36
"data/RND/1595933806_14",16,48
"data/RND/1595933806_14",19,57
"data/RND/1595933806_14",20,60
"data/RND/1595933806_14",15,45
"data/RND/1595933806_14",17,51
"data/RND/1595933806_14",18,13
"data/RND/1595933806_14",18,13
"data/RND/1595933806_14",12,9
"data/RND/1595933806_14",14,21
"data/RND/1595933821_88",15,0
"data/RND/1595933821_88",12,18
"data/RND/1595933821_88",17,12
"data/RND/1595933821_88",7,15
"data/RND/1595933821_88",7,0
"data/RND/1595933821_88",12,18
"data/RND/1595933821_88",14,10
"data/RND/1595933821_88",3,2
"data/RND/1595933821_88",17,51
"data/RND/1595933821_88",20,15
"data/RND/1595933862_7",15,45
"data/RND/1595933862_7",20,15
"data/RND/1595933862_7",20,15
"data/RND/1595933862_7",20,30
"data/RND/1595933862_7",19,42
"data/RND/1595933862_7",17,25
"data/RND/1595933862_7",16,12
"data/RND/1595933862_7",17,25
"data/RND/1595933862_7",20,60
"data/RND/1595933862_7",19,42
"data/RND/1595933973_51",15,11
"data/RND/1595933973_51",7,15
"data/RND/1595933973_51",14,42
"data/RND/1595933973_51",13,0
"data/RND/1595933973_51",1,0
"data/RND/1595933973_51",2,0
"data/RND/1595933973_51",7,21
"data/RND/1595933973_51",5,7
"data/RND/1595933973_51",7,10
"data/RND/1595933973_51",8,24
"data/RND/1595934015_38",12,27
"data/RND/1595934015_38",12,36
"data/RND/1595934015_38",15,33
"data/RND/1595934015_38",15,22
"data/RND/1595934015_38",16,0
"data/RND/1595934015_38",17,12
"data/RND/1595934015_38",18,13
"data/RND/1595934015_38",18,13
"data/RND/1595934015_38",19,14
"data/RND/1595934015_38",19,57
"data/RND/1595934065_56",15,33
"data/RND/1595934065_56",15,33
"data/RND/1595934065_56",13,0
"data/RND/1595934065_56",13,29
"data/RND/1595934065_56",15,45
"data/RND/1595934065_56",15,22
"data/RND/1595934065_56",15,22
"data/RND/1595934065_56",15,22
"data/RND/1595934065_56",15,22
"data/RND/1595934065_56",16,24
"data/RND/1595934066_51",13,29
"data/RND/1595934066_51",14,42
"data/RND/1595934066_51",14,42
"data/RND/1595934066_51",13,19
"data/RND/1595934066_51",14,42
"data/RND/1595934066_51",14,42
"data/RND/1595934066_51",14,0
"data/RND/1595934066_51",14,31
"data/RND/1595934066_51",14,10
"data/RND/1595934066_51",14,31
"data/RND/1595934111_77",14,10
"data/RND/1595934111_77",13,19
"data/RND/1595934111_77",13,39
"data/RND/1595934111_77",13,29
"data/RND/1595934111_77",13,0
"data/RND/1595934111_77",13,0
"data/RND/1595934111_77",13,9
"data/RND/1595934111_77",12,18
"data/RND/1595934111_77",13,39
"data/RND/1595934111_77",13,0
"data/RND/1595934123_15",10,0
"data/RND/1595934123_15",15,11
"data/RND/1595934123_15",19,28
"data/RND/1595934123_15",5,15
"data/RND/1595934123_15",16,0
"data/RND/1595934123_15",20,60
"data/RND/1595934123_15",16,0
"data/RND/1595934123_15",15,33
"data/RND/1595934123_15",15,0
"data/RND/1595934123_15",15,22
"data/RND/1595934151_89",13,9
"data/RND/1595934151_89",13,9
"data/RND/1595934151_89",13,19
"data/RND/1595934151_89",13,9
"data/RND/1595934151_89",14,42
"data/RND/1595934151_89",14,31
"data/RND/1595934151_89",14,21
"data/RND/1595934151_89",14,42
"data/RND/1595934151_89",14,10
"data/RND/1595934151_89",14,10
"data/RND/1595934152_37",15,11
"data/RND/1595934152_37",20,45
"data/RND/1595934152_37",16,24
"data/RND/1595934152_37",16,48
"data/RND/1595934152_37",15,33
"data/RND/1595934152_37",16,12
"data/RND/1595934152_37",19,0
"data/RND/1595934152_37",16,36
"data/RND/1595934152_37",19,14
"data/RND/1595934152_37",16,12
"data/RND/1595934154_47",15,33
"data/RND/1595934154_47",19,57
"data/RND/1595934154_47",14,21
"data/RND/1595934154_47",15,45
"data/RND/1595934154_47",15,11
"data/RND/1595934154_47",15,22
"data/RND/1595934154_47",19,57
"data/RND/1595934154_47",15,22
"data/RND/1595934154_47",17,12
"data/RND/1595934154_47",20,0
"data/RND/1595934192_36",15,33
"data/RND/1595934192_36",14,0
"data/RND/1595934192_36",6,18
"data/RND/1595934192_36",14,42
"data/RND/1595934192_36",19,0
"data/RND/1595934192_36",4,9
"data/RND/1595934192_36",15,0
"data/RND/1595934192_36",13,9
"data/RND/1595934192_36",4,3
"data/RND/1595934192_36",10,30
"data/RND/1595934216_78",17,0
"data/RND/1595934216_78",15,11
"data/RND/1595934216_78",18,0
"data/RND/1595934216_78",13,29
"data/RND/1595934216_78",15,33
"data/RND/1595934216_78",17,38
"data/RND/1595934216_78",11,0
"data/RND/1595934216_78",18,0
"data/RND/1595934216_78",17,38
"data/RND/1595934216_78",18,0
"data/RND/1595934229_51",13,39
"data/RND/1595934229_51",13,29
"data/RND/1595934229_51",13,19
"data/RND/1595934229_51",13,19
"data/RND/1595934229_51",14,0
"data/RND/1595934229_51",12,0
"data/RND/1595934229_51",14,31
"data/RND/1595934229_51",11,0
"data/RND/1595934229_51",11,24
"data/RND/1595934229_51",11,16
"data/RND/1595934275_57",15,11
"data/RND/1595934275_57",15,33
"data/RND/1595934275_57",15,11
"data/RND/1595934275_57",15,11
"data/RND/1595934275_57",15,33
"data/RND/1595934275_57",15,45
"data/RND/1595934275_57",15,11
"data/RND/1595934275_57",15,45
"data/RND/1595934275_57",15,0
"data/RND/1595934275_57",15,33
"data/RND/1595934279_71",7,21
"data/RND/1595934279_71",15,11
"data/RND/1595934279_71",5,11
"data/RND/1595934279_71",7,21
"data/RND/1595934279_71",10,0
"data/RND/1595934279_71",7,5
"data/RND/1595934279_71",5,3
"data/RND/1595934279_71",2,1
"data/RND/1595934279_71",0,0
"data/RND/1595934279_71",5,7
"data/RND/1595934292_23",12,18
"data/RND/1595934292_23",12,9
"data/RND/1595934292_23",12,0
"data/RND/1595934292_23",14,42
"data/RND/1595934292_23",13,19
"data/RND/1595934292_23",13,0
"data/RND/1595934292_23",12,9
"data/RND/1595934292_23",12,36
"data/RND/1595934292_23",12,36
"data/RND/1595934292_23",12,27
"data/RND/1595934307_15",12,36
"data/RND/1595934307_15",12,36
"data/RND/1595934307_15",12,18
"data/RND/1595934307_15",11,8
"data/RND/1595934307_15",11,0
"data/RND/1595934307_15",11,16
"data/RND/1595934307_15",11,33
"data/RND/1595934307_15",12,27
"data/RND/1595934307_15",12,27
"data/RND/1595934307_15",11,8
"data/RND/1595934357_26",11,8
"data/RND/1595934357_26",11,16
"data/RND/1595934357_26",11,24
"data/RND/1595934357_26",11,0
"data/RND/1595934357_26",11,24
"data/RND/1595934357_26",11,16
"data/RND/1595934357_26",11,8
"data/RND/1595934357_26",11,33
"data/RND/1595934357_26",11,0
"data/RND/1595934357_26",11,24
"data/RND/1595934393_75",20,0
"data/RND/1595934393_75",15,33
"data/RND/1595934393_75",17,25
"data/RND/1595934393_75",20,0
"data/RND/1595934393_75",16,36
"data/RND/1595934393_75",18,40
"data/RND/1595934393_75",17,0
"data/RND/1595934393_75",12,18
"data/RND/1595934393_75",10,30
"data/RND/1595934393_75",7,5
"data/RND/1595934399_70",16,0
"data/RND/1595934399_70",15,45
"data/RND/1595934399_70",14,21
"data/RND/1595934399_70",15,22
"data/RND/1595934399_70",15,22
"data/RND/1595934399_70",14,10
"data/RND/1595934399_70",20,30
"data/RND/1595934399_70",15,0
"data/RND/1595934399_70",16,0
"data/RND/1595934399_70",15,22
"data/RND/1595934406_42",5,0
"data/RND/1595934406_42",5,7
"data/RND/1595934406_42",12,36
"data/RND/1595934406_42",14,31
"data/RND/1595934406_42",15,22
"data/RND/1595934406_42",17,51
"data/RND/1595934406_42",16,48
"data/RND/1595934406_42",18,54
"data/RND/1595934406_42",19,42
"data/RND/1595934406_42",20,15
"data/RND/1595934488_54",15,11
"data/RND/1595934488_54",7,0
"data/RND/1595934488_54",20,0
"data/RND/1595934488_54",12,18
"data/RND/1595934488_54",13,39
"data/RND/1595934488_54",9,0
"data/RND/1595934488_54",16,0
"data/RND/1595934488_54",14,0
"data/RND/1595934488_54",11,0
"data/RND/1595934488_54",15,22
"data/RND/1595934521_96",5,3
"data/RND/1595934521_96",4,3
"data/RND/1595934521_96",10,0
"data/RND/1595934521_96",5,0
"data/RND/1595934521_96",5,11
"data/RND/1595934521_96",5,7
"data/RND/1595934521_96",15,45
"data/RND/1595934521_96",15,45
"data/RND/1595934521_96",15,0
"data/RND/1595934521_96",20,0
